"MARRSO","MARRSO"
"Extensions","Extensiones"
"Settings & Configuration","Ajustes y configuración"
"Magento extensions by MARRSO. Select an extension below to open its panel.","Extensiones Magento de MARRSO. Selecciona una extensión para abrir su panel."
"No MARRSO extensions are available for your admin role.","No hay extensiones MARRSO disponibles para tu rol de administrador."
"Open panel","Abrir panel"
"Configuration","Configuración"
"Dashboard","Panel de control"
"Delivery Scheduler","Programador de entregas"
"Pickup points, home delivery, express slots and Falabella-style checkout scheduling.","Puntos de retiro, entrega a domicilio, horarios express y checkout estilo Falabella."
