"How do you want to receive your order?","How do you want to receive your order?"
"Loading delivery options...","Loading delivery options..."
"Pickup point","Pickup point"
"Click & Collect","Click & Collect"
"Scheduled delivery","Scheduled delivery"
"Choose date and time","Choose date and time"
"FREE","FREE"
"Free","Free"
"From S/ %1","From S/ %1"
"Search by district, mall or address...","Search by district, mall or address..."
"Reference:","Reference:"
"Hold up to","Hold up to"
"days","days"
"Select pickup date","Select pickup date"
"Select time slot","Select time slot"
"spots","spots"
"No pickup points available","No pickup points available"
"No pickup times available for this location yet.","No pickup times available for this location yet."
"Enter your city in the shipping address to see delivery slots.","Enter your city in the shipping address to see delivery slots."
"Select delivery date","Select delivery date"
"No delivery slots available for your area","No delivery slots available for your area"
"Delivery instructions (optional)","Delivery instructions (optional)"
"e.g. Leave with reception, call on arrival...","e.g. Leave with reception, call on arrival..."
"Your delivery","Your delivery"
"Home delivery","Home delivery"
"Failed to load pickup locations.","Failed to load pickup locations."
"Failed to load delivery slots.","Failed to load delivery slots."
"No delivery slots found. The shipping city must match the District field in Delivery Slots admin.","No delivery slots found. The shipping city must match the District field in Delivery Slots admin."
"Failed to save delivery selection.","Failed to save delivery selection."
"Unable to determine quote id.","Unable to determine quote id."
"Please select a pickup point or delivery slot.","Please select a pickup point or delivery slot."
"Pick up today","Pick up today"
"Pick up tomorrow","Pick up tomorrow"
"Pick up from %1","Pick up from %1"
"Sun","Sun"
"Mon","Mon"
"Tue","Tue"
"Wed","Wed"
"Thu","Thu"
"Fri","Fri"
"Sat","Sat"
"km away","km away"
"Delivery options","Delivery options"
"Pickup Point","Pickup Point"
"Home Delivery","Home Delivery"
"Loading...","Loading..."
"Select date and time:","Select date and time:"
"spots available","spots available"
"Cost:","Cost:"
"Free shipping","Free shipping"
"Delivery Instructions (Optional)","Delivery Instructions (Optional)"
"Add any special delivery instructions...","Add any special delivery instructions..."
"Your Selection","Your Selection"
"Pickup Location:","Pickup Location:"
"Date:","Date:"
"Time:","Time:"
"Delivery Date:","Delivery Date:"
"Time Slot:","Time Slot:"
"180 min delivery","180 min delivery"
"24 hour delivery","24 hour delivery"
"Receive in up to 3 hours","Receive in up to 3 hours"
"Tomorrow or today","Tomorrow or today"
"No delivery slots available for this option.","No delivery slots available for this option."
"Near me","Near me"
"View map","View map"
"Hide map","Hide map"
"Nearest first","Nearest first"
"Use my location","Use my location"
"Geolocation is not supported by your browser.","Geolocation is not supported by your browser."
"Unable to get your location. Showing all pickup points.","Unable to get your location. Showing all pickup points."
"Express Checkout","Express Checkout"
"Back to cart","Back to cart"
"Contact & address","Contact & address"
"First Name","First Name"
"Last Name","Last Name"
"Email","Email"
"Phone","Phone"
"Street Address","Street Address"
"City / District","City / District"
"Postcode","Postcode"
"Continue to payment","Continue to payment"
"Saving...","Saving..."
"Order summary","Order summary"
"Subtotal","Subtotal"
"Shipping","Shipping"
"Total","Total"
"Please enter your first and last name.","Please enter your first and last name."
"Please enter your email address.","Please enter your email address."
"Please enter your phone number.","Please enter your phone number."
"Please enter your street address.","Please enter your street address."
"Please enter your city.","Please enter your city."
"Unable to determine guest cart id.","Unable to determine guest cart id."
"Unable to continue to payment. Please check your details and try again.","Unable to continue to payment. Please check your details and try again."
"Identification Number (ID)","Identification Number (ID)"
"Dashboard","Dashboard"
"Configuration","Configuration"
"Manage pickup points, delivery slots, holidays and checkout settings from one place.","Manage pickup points, delivery slots, holidays and checkout settings from one place."
"Module enabled","Module enabled"
"Module disabled","Module disabled"
"Express checkout","Express checkout"
"Quick access","Quick access"
"All module settings: general, pickup, delivery, slots and advanced options.","All module settings: general, pickup, delivery, slots and advanced options."
"Open settings","Open settings"
"Manage Click & Collect points, addresses, map data and retention rules.","Manage Click & Collect points, addresses, map data and retention rules."
"Manage locations","Manage locations"
"Define pickup time windows, capacity and availability per store.","Define pickup time windows, capacity and availability per store."
"Manage pickup slots","Manage pickup slots"
"Scheduled, express 180 min and 24 h delivery by district.","Scheduled, express 180 min and 24 h delivery by district."
"Manage delivery slots","Manage delivery slots"
"Block pickup and delivery on specific dates.","Block pickup and delivery on specific dates."
"Manage holidays","Manage holidays"
"Configuration shortcuts","Configuration shortcuts"
"Jump directly to a settings group without browsing Stores → Configuration.","Jump directly to a settings group without browsing Stores → Configuration."
"General","General"
"Pickup","Pickup"
"Delivery & Express","Delivery & Express"
"Slot Generation","Slot Generation"
"Advanced","Advanced"
