"How do you want to receive your order?","¿Cómo quieres recibir tu pedido?"
"Loading delivery options...","Cargando opciones de entrega..."
"Pickup point","Retiro en punto"
"Click & Collect","Click & Collect"
"Scheduled delivery","Envío programado"
"Choose date and time","Elige fecha y hora"
"FREE","GRATIS"
"Free","Gratis"
"From S/ %1","Desde S/ %1"
"Search by district, mall or address...","Buscar por distrito, centro comercial o dirección..."
"Reference:","Referencia:"
"Hold up to","Guardamos hasta"
"days","días"
"Select pickup date","Selecciona fecha de retiro"
"Select time slot","Selecciona horario"
"spots","cupos"
"No pickup points available","No hay puntos de retiro disponibles"
"No pickup times available for this location yet.","Aún no hay horarios de retiro para este punto."
"Enter your city in the shipping address to see delivery slots.","Ingresa tu ciudad en la dirección de envío para ver los horarios."
"Select delivery date","Selecciona fecha de entrega"
"No delivery slots available for your area","No hay horarios de entrega para tu zona"
"Delivery instructions (optional)","Instrucciones de entrega (opcional)"
"e.g. Leave with reception, call on arrival...","Ej: Dejar en recepción, llamar al llegar..."
"Your delivery","Tu entrega"
"Home delivery","Envío a domicilio"
"Failed to load pickup locations.","No se pudieron cargar los puntos de retiro."
"Failed to load delivery slots.","No se pudieron cargar los horarios de entrega."
"No delivery slots found. The shipping city must match the District field in Delivery Slots admin.","No hay horarios. La ciudad del envío debe coincidir con el Distrito en el admin."
"Failed to save delivery selection.","No se pudo guardar la selección de entrega."
"Unable to determine quote id.","No se pudo determinar el carrito."
"Please select a pickup point or delivery slot.","Selecciona un punto de retiro o un horario de entrega."
"Pick up today","Retira hoy"
"Pick up tomorrow","Retira mañana"
"Pick up from %1","Retira desde %1"
"Sun","Dom"
"Mon","Lun"
"Tue","Mar"
"Wed","Mié"
"Thu","Jue"
"Fri","Vie"
"Sat","Sáb"
"km away","km de distancia"
"Delivery options","Opciones de entrega"
"Pickup Point","Punto de retiro"
"Home Delivery","Envío a domicilio"
"Loading...","Cargando..."
"Select date and time:","Selecciona fecha y hora:"
"spots available","cupos disponibles"
"Cost:","Costo:"
"Free shipping","Envío gratis"
"Delivery Instructions (Optional)","Instrucciones de entrega (opcional)"
"Add any special delivery instructions...","Agrega instrucciones especiales de entrega..."
"Your Selection","Tu selección"
"Pickup Location:","Punto de retiro:"
"Date:","Fecha:"
"Time:","Hora:"
"Delivery Date:","Fecha de entrega:"
"Time Slot:","Horario:"
"180 min delivery","Entrega en 180 minutos"
"24 hour delivery","Entrega en 24 horas"
"Receive in up to 3 hours","Recibe en máximo 3 horas"
"Tomorrow or today","Hoy o mañana"
"No delivery slots available for this option.","No hay horarios disponibles para esta opción."
"Near me","Cerca de mí"
"View map","Ver mapa"
"Hide map","Ocultar mapa"
"Nearest first","Más cercanos"
"Use my location","Usar mi ubicación"
"Geolocation is not supported by your browser.","Tu navegador no soporta geolocalización."
"Unable to get your location. Showing all pickup points.","No pudimos obtener tu ubicación. Mostrando todos los puntos."
"Express Checkout","Checkout express"
"Back to cart","Volver al carrito"
"Contact & address","Contacto y dirección"
"First Name","Nombre"
"Last Name","Apellido"
"Email","Correo electrónico"
"Phone","Teléfono"
"Street Address","Dirección"
"City / District","Ciudad / Distrito"
"Postcode","Código postal"
"Continue to payment","Continuar al pago"
"Saving...","Guardando..."
"Order summary","Resumen del pedido"
"Subtotal","Subtotal"
"Shipping","Envío"
"Total","Total"
"Please enter your first and last name.","Ingresa tu nombre y apellido."
"Please enter your email address.","Ingresa tu correo electrónico."
"Please enter your phone number.","Ingresa tu teléfono."
"Please enter your street address.","Ingresa tu dirección."
"Please enter your city.","Ingresa tu ciudad."
"Unable to determine guest cart id.","No se pudo determinar el carrito de invitado."
"Unable to continue to payment. Please check your details and try again.","No se pudo continuar al pago. Revisa tus datos e inténtalo de nuevo."
"Identification Number (ID)","Número de Identificación (ID)"
"Dashboard","Panel de control"
"MARRSO","MARRSO"
"Delivery Scheduler","Programador de entregas"
"Pickup points, home delivery, express slots and Falabella-style checkout scheduling.","Puntos de retiro, entrega a domicilio, slots express y checkout estilo Falabella."
"Configuration","Configuración"
"MARRSO extension — manage pickup points, delivery slots, holidays and checkout settings from one place.","Extensión MARRSO — gestiona puntos de retiro, horarios de entrega, feriados y checkout desde un solo lugar."
"Manage pickup points, delivery slots, holidays and checkout settings from one place.","Gestiona puntos de retiro, horarios de entrega, feriados y checkout desde un solo lugar."
"Module enabled","Módulo activo"
"Module disabled","Módulo desactivado"
"Express checkout","Checkout express"
"Quick access","Acceso rápido"
"All module settings: general, pickup, delivery, slots and advanced options.","Todos los ajustes: general, retiro, entrega, generación de slots y avanzado."
"Open settings","Abrir configuración"
"Manage Click & Collect points, addresses, map data and retention rules.","Gestiona puntos Click & Collect, direcciones, mapa y días de retención."
"Manage locations","Gestionar puntos"
"Define pickup time windows, capacity and availability per store.","Define horarios, capacidad y disponibilidad de retiro por tienda."
"Manage pickup slots","Gestionar slots de retiro"
"Scheduled, express 180 min and 24 h delivery by district.","Entrega programada, express 180 min y 24 h por distrito."
"Manage delivery slots","Gestionar slots de entrega"
"Block pickup and delivery on specific dates.","Bloquea retiro y entrega en fechas específicas."
"Manage holidays","Gestionar feriados"
"Configuration shortcuts","Atajos de configuración"
"Jump directly to a settings group without browsing Stores → Configuration.","Ir directo a un grupo de ajustes sin pasar por Tiendas → Configuración."
"General","General"
"Pickup","Retiro"
"Delivery & Express","Entrega y express"
"Slot Generation","Generación de slots"
"Advanced","Avanzado"
"Pickup Locations","Puntos de retiro"
"Pickup Slots","Horarios de retiro"
"Delivery Slots","Horarios de entrega"
"Holidays","Feriados"
"General Settings","Ajustes generales"
"Enable Delivery Scheduler","Activar programador de entregas"
"Enable Pickup Points","Activar puntos de retiro"
"Enable Home Delivery","Activar entrega a domicilio"
"Enable Express Checkout Page","Activar página de checkout express"
"Single-page checkout at /delivery/checkout/express with link from cart.","Checkout en una sola página en /delivery/checkout/express con enlace desde el carrito."
"Default Timezone","Zona horaria predeterminada"
"Pickup Points Configuration","Configuración de puntos de retiro"
"Cutoff Hour (24-hour format)","Hora límite (formato 24 h)"
"Hour after which orders cannot be placed for same-day pickup","Hora a partir de la cual no se aceptan pedidos para retiro el mismo día"
"Preparation Days (SLA)","Días de preparación (SLA)"
"Number of business days required for order preparation","Días hábiles necesarios para preparar el pedido"
"Default Slot Capacity","Capacidad predeterminada por horario"
"Default number of orders per pickup slot","Número predeterminado de pedidos por horario de retiro"
"Disable Weekends","Desactivar fines de semana"
"Enable Pickup Map","Activar mapa de retiro"
"Show interactive map with pickup points in checkout.","Mostrar mapa interactivo con puntos de retiro en el checkout."
"Map Default Latitude","Latitud predeterminada del mapa"
"Map Default Longitude","Longitud predeterminada del mapa"
"Map Default Zoom","Zoom predeterminado del mapa"
"Home Delivery Configuration","Configuración de entrega a domicilio"
"Hour after which orders cannot be placed for next-day delivery","Hora a partir de la cual no se aceptan pedidos para entrega al día siguiente"
"Enable Same-Day Delivery","Activar entrega el mismo día"
"Enable Express 180 Minutes","Activar express 180 minutos"
"Enable Express 24 Hours","Activar express 24 horas"
"Same-Day Cutoff Hour","Hora límite entrega mismo día"
"Hour after which same-day delivery is no longer available","Hora a partir de la cual ya no hay entrega el mismo día"
"Default Delivery Price","Precio predeterminado de entrega"
"Default cost for scheduled home delivery","Costo predeterminado para envío programado"
"Express 180 Minutes Price","Precio express 180 minutos"
"Express 24 Hours Price","Precio express 24 horas"
"Default number of orders per delivery slot","Número predeterminado de pedidos por horario de entrega"
"Generate Slots X Days Ahead","Generar horarios X días adelante"
"Number of days in advance to generate availability slots","Días de anticipación para generar horarios disponibles"
"Slot Interval (Minutes)","Intervalo de horarios (minutos)"
"Duration of each delivery time slot","Duración de cada franja horaria"
"Daily Start Time (HH:MM)","Hora de inicio diaria (HH:MM)"
"First slot start time each day","Hora de inicio del primer horario cada día"
"Daily End Time (HH:MM)","Hora de fin diaria (HH:MM)"
"Last slot end time each day","Hora de fin del último horario cada día"
"Advanced Settings","Ajustes avanzados"
"Enable Debug Logging","Activar registro de depuración"
"Cache Lifetime (seconds)","Duración de caché (segundos)"
"Cache lifetime for availability queries","Duración de caché para consultas de disponibilidad"
"Maximum Distance (km)","Distancia máxima (km)"
"Maximum distance to show pickup points (0 = unlimited)","Distancia máxima para mostrar puntos de retiro (0 = sin límite)"
"Add New Pickup Location","Añadir punto de retiro"
"Add New Pickup Slot","Añadir horario de retiro"
"Add New Delivery Slot","Añadir horario de entrega"
"Add New Holiday","Añadir feriado"
"Are you sure you want to delete selected pickup locations?","¿Seguro que deseas eliminar los puntos de retiro seleccionados?"
"Are you sure you want to delete selected pickup slots?","¿Seguro que deseas eliminar los horarios de retiro seleccionados?"
"Are you sure you want to delete selected delivery slots?","¿Seguro que deseas eliminar los horarios de entrega seleccionados?"
"Are you sure you want to delete selected holidays?","¿Seguro que deseas eliminar los feriados seleccionados?"
"Delete pickup locations","Eliminar puntos de retiro"
"Delete Pickup Location","Eliminar punto de retiro"
"Are you sure you want to delete this pickup location?","¿Seguro que deseas eliminar este punto de retiro?"
"Delete Delivery Slot","Eliminar horario de entrega"
"Are you sure you want to delete this delivery slot?","¿Seguro que deseas eliminar este horario de entrega?"
"Delete Holiday","Eliminar feriado"
"Are you sure you want to delete this holiday?","¿Seguro que deseas eliminar este feriado?"
"Location Code","Código de ubicación"
"Auto Slots","Horarios automáticos"
"Start","Inicio"
"End","Fin"
"Used","Usados"
"Service Level","Nivel de servicio"
"Pickup Location","Punto de retiro"
"General Information","Información general"
"Code","Código"
"Address","Dirección"
"District","Distrito"
"Brand","Marca"
"e.g. Falabella, Sodimac, Mallplaza","p. ej. Falabella, Sodimac, Mallplaza"
"Pickup References","Referencias de retiro"
"Directions to find the pickup desk inside the location.","Indicaciones para encontrar el mostrador de retiro."
"Opening Hours","Horario de atención"
"e.g. Mon-Sun 11:00-19:00","p. ej. Lun-Dom 11:00-19:00"
"Retention Days","Días de retención"
"Days the order is held before cancellation.","Días que se guarda el pedido antes de cancelarlo."
"Auto-generate Slots (Cron)","Generar horarios automáticamente (Cron)"
"When disabled, only manually created pickup slots are used. Saving a slot in Pickup Slots also disables this.","Si está desactivado, solo se usan horarios creados manualmente. Guardar un horario en Horarios de retiro también desactiva esto."
"Latitude","Latitud"
"Longitude","Longitud"
"Priority","Prioridad"
"Active","Activo"
"Inactive","Inactivo"
"Slot Information","Información del horario"
"Start Time","Hora de inicio"
"End Time","Hora de fin"
"Format: HH:MM or HH:MM:SS","Formato: HH:MM o HH:MM:SS"
"Used Capacity","Capacidad usada"
"Orders already assigned to this slot (for testing or manual adjustment).","Pedidos ya asignados a este horario (para pruebas o ajuste manual)."
"Carrier Code","Código de transportista"
"Holiday Information","Información del feriado"
"Holiday","Feriado"
"Express 24 hours","Express 24 horas"
"Express 180 minutes","Express 180 minutos"
"Scheduled delivery","Envío programado"
"-- Please Select --","-- Seleccione --"
"Save Holiday","Guardar feriado"
"Save Pickup Location","Guardar punto de retiro"
"Save Delivery Slot","Guardar horario de entrega"
"Save Pickup Slot","Guardar horario de retiro"
"Pickup slot saved.","Horario de retiro guardado."
"Delivery slot saved.","Horario de entrega guardado."
"Holiday saved.","Feriado guardado."
"Pickup location saved.","Punto de retiro guardado."
"Pickup slot deleted.","Horario de retiro eliminado."
"Pickup location deleted.","Punto de retiro eliminado."
"Invalid form key.","Clave de formulario no válida."
"Invalid request.","Solicitud no válida."
"Pickup location is required.","El punto de retiro es obligatorio."
"Date is required.","La fecha es obligatoria."
"Start and end time are required.","La hora de inicio y fin son obligatorias."
"Used capacity cannot exceed total capacity.","La capacidad usada no puede superar la capacidad total."
"Edit Pickup Location","Editar punto de retiro"
"New Pickup Location","Nuevo punto de retiro"
"Edit Pickup Slot","Editar horario de retiro"
"New Pickup Slot","Nuevo horario de retiro"
"Edit Delivery Slot","Editar horario de entrega"
"New Delivery Slot","Nuevo horario de entrega"
"Edit Holiday","Editar feriado"
"New Holiday","Nuevo feriado"
"Delivery","Entrega"
"Delivery slot","Horario de entrega"
"Delivery type","Tipo de entrega"
"Pickup location","Punto de retiro"
"Delivery date","Fecha de entrega"
"Delivery slot","Franja horaria"
"Delivery instructions","Instrucciones de entrega"
"No description","Sin descripción"
"Manage pickup points, delivery slots, holidays and checkout settings from one place.","Gestiona puntos de retiro, horarios, feriados y checkout desde un solo lugar."
